Month,TaskCount,TotalTimeTrackedHrs,UserDaySpecificAverage
4,230,1675.0646072222223,1.610639045405983
5,319,2377.9558858333335,2.286496044070513
6,384,2143.894742777778,2.0614372526709404
7,718,3887.322992777778,3.737810569978633
8,869,4305.954870277777,4.14034122142094
9,1352,7013.213912777778,6.743474916132479
10,1378,8265.624886944444,7.947716237446581
11,1265,7236.643890277778,6.958311432959402
12,1276,6747.397717777778,6.487882420940171
